Region Code,Region,Property Type,Rooms,Jan-19,Feb-19,Mar-19,Apr-19,May-19,Jun-19,Jul-19,Aug-19,Sep-19,Oct-19,Nov-19,Dec-19,Jan-20,Feb-20,Mar-20,Apr-20,May-20,Jun-20,Jul-20,Aug-20,Sep-20,Oct-20,Nov-20,Dec-20,Jan-21,Feb-21,Mar-21,Apr-21,May-21,Jun-21,Jul-21,Aug-21,Sep-21,Oct-21,Nov-21,Dec-21,Jan-22,Feb-22,Mar-22,Apr-22,May-22
1,London,Bungalow,2,0.79,0.92,0.93,1.09,0.64,0.2,0.27,0.67,0.05,0.38,0.81,0.66,0.01,0.8,0.37,0.15,0.89,0.24,0.06,0.24,0.89,0.03,1.26,0.33,0.92,0.18,1.29,0.87,1.29,0.31,0.5,1.13,0.1,1.11,0.59,0.31,1.04,0.96,0.55,1.1,0.71
1,London,Bungalow,3,1.11,0.94,0.05,1.16,0.61,0.47,1.08,0.52,0.84,0.53,1.12,1.19,0.59,0.02,0.62,1.17,0.38,0,0.62,0.91,0.65,0.11,0.24,0.79,0.76,0.6,0.35,1.17,0.42,0.61,1.19,1.09,0.74,0.78,0.24,1.06,0.32,1.09,0.45,0.79,0.3
1,London,Semi-Detached,2,1.12,0.08,0.67,0.71,0.06,0.64,0.03,0.32,0.66,0.93,1.03,1.06,0.57,0.19,0.47,0.23,0.64,0.56,0.3,0.18,0.94,0.42,0.51,0.81,0.3,0.17,0.76,0.11,0.04,0.72,0.55,0.71,0.79,1.01,0.75,0.57,0.21,0.17,0.92,1.06,0.14
1,London,Semi-Detached,3,1.03,0.23,0.36,0.52,0.24,0.68,0.15,0.05,0.26,0.94,0.37,0.71,1.09,0.72,0.52,0.6,0.56,0.09,0.82,0.05,0.18,1.18,0.86,0.06,0.7,0.41,0.04,0.49,1.14,0.67,0.6,0.82,0.1,0.74,0.94,0.7,0.93,0.07,1.02,0.96,0.32
1,London,Detached,2,1.22,0.27,0.41,0.88,1.31,1.03,0.64,0.15,0.87,0.6,1.04,0.74,1.15,0.26,0.95,0.8,0.39,0.75,0.33,0.26,1.12,1.33,1.59,0.71,0.01,0.1,1.41,0.68,0.3,0.95,1.51,1.47,0.3,1.48,0.69,1.55,0.27,0.33,1.53,1.33,1.28
1,London,Detached,3,1.03,0.1,1.02,0.91,1.57,0.08,0.41,1.29,1.04,0.16,1.02,0.44,1.5,0.9,0.89,1.06,1.34,0.62,1.12,0.08,1.2,0.01,0.81,1.13,0.62,0.85,1.3,1.07,0.22,0.43,0.73,1.09,0.09,0.19,1.05,1.42,0.2,1.28,1.45,1.36,1.44
1,London,Detached,4,1.01,0.88,0.79,0.83,1.3,1.09,1.57,0.54,1.42,0.98,0.34,0.23,1,0.63,0.21,0.52,0.33,1.37,0.02,0.39,1.03,0.85,1.58,1.13,0.86,1.25,0.38,0.94,0.41,0.52,1.08,0.49,0.76,0.72,0.45,1.52,0.33,0.26,0.79,0.31,1.55
2,Bristol,Bungalow,2,0.5,0.64,0.17,0.41,0.78,0.75,0.1,0.79,0.66,0.92,0.55,0.81,0.48,0.79,1,0.02,0.18,0.21,0.11,0.12,0.04,0.42,0.51,0.88,0.42,0.91,0.19,0.18,0.64,0.89,0.35,0.38,0,0.81,0.04,0.5,0.56,0.73,0.25,0.65,0.65
2,Bristol,Bungalow,3,0.99,0.59,0.67,0.54,0.43,0.66,0.65,0.75,0.92,0.02,0.15,0.12,0.66,0.63,0.15,0.84,0.51,0.64,0.27,0.11,0.78,0.71,0.71,0.03,0.92,0.14,0.82,0.85,0.91,0.09,0.51,0.59,0.01,0.69,0.4,0.95,0.69,0.6,0.28,0.04,0.34
2,Bristol,Semi-Detached,2,0.57,0.42,0.93,0.65,0.07,0.87,0.14,0.6,0.42,0.82,0.51,0.17,0.27,0.82,0.53,0.45,0.17,0.12,0.99,0.5,0.59,0.64,0.78,0.91,0.1,0.04,0.32,0.27,0.19,0.77,0.19,0.73,0.32,0.05,0.8,0.15,0.74,0.12,0.07,0.95,0.49
2,Bristol,Semi-Detached,3,0.17,0.59,0.55,0.15,0.89,0.07,0.4,0.79,0.84,0.54,0.56,0.67,0.81,0.21,0.52,0.78,0.64,0.24,0.85,0.96,0.14,0.27,0.09,0.27,0.34,0.94,0.67,0.69,0.69,0.59,0.57,0.93,0.91,0.24,0.29,0.39,0.68,0.21,0.72,0.77,0.96
2,Bristol,Detached,2,0.11,0.85,1.29,1.14,0.27,0.13,0.55,0.31,0.14,0.61,0.28,0.45,1.23,0.7,1.25,0.43,0.57,0.65,1.16,0.61,0.95,0.92,1.17,0.34,0.37,0.08,0.23,0.86,1.13,1.27,0.95,1.11,0.17,0.85,0.02,1.07,0.56,0.08,0.23,0.41,0.46
2,Bristol,Detached,3,1.06,0.67,1.06,0.36,0.17,0.4,0.43,0.82,0.55,0.02,0.19,0.62,0.72,0.18,0.86,0.09,1.12,0,1.11,0.09,0.44,0.57,0.25,1.2,0.73,0.93,1.28,0.3,0.26,0.77,0.58,1.29,0.76,0.45,0.39,0.1,1.06,0.7,1.2,0.59,1.01
2,Bristol,Detached,4,0.15,0.44,1.29,0.91,0.72,0.6,0.12,0.26,0.67,1.03,0.09,0.6,0.63,0.17,1.07,0.61,0.13,0.22,0.45,1.15,0.07,0.31,0.11,1.27,1.26,0.98,0.52,0.37,1.06,0.58,1.08,0.94,0.99,0.15,0.1,0.84,0.79,0.46,0.14,0.3,0.98
3,Cardiff,Bungalow,2,0.53,0.15,0.78,0.94,0.55,0.94,0.64,0.21,0.58,0.79,0.85,0.66,0.02,0.77,0.12,0.06,0.08,0.99,0.19,0.14,0.63,0.88,0.34,0.21,0.32,0.25,0.79,0.67,0.98,0.38,0.13,0.35,0.53,0.66,0.72,0.29,0.29,0.7,0.37,0.43,0.37
3,Cardiff,Bungalow,3,0.82,0.17,0.73,0.23,0.77,0.36,0.43,0.86,0.79,0.43,0.21,0.61,0.16,0.69,0.1,0.45,0.92,0.31,0.8,0.15,0.38,0.21,0.72,0.5,0.84,0.76,0.85,0.04,0.44,0.76,0.35,0.19,0.15,0.42,0.68,0.23,0.37,0.46,0.23,0.99,0.7
3,Cardiff,Semi-Detached,2,0.7,0.69,0.3,0.28,0.33,0.07,0.93,0.52,0.74,0.35,0.55,0.07,0.72,0.38,0.14,0.25,0.97,0.78,0.94,0.17,0.72,0.33,0.21,0.02,0.02,0.43,0.17,0.02,0.34,0.05,0.89,0.26,0.87,0.54,0.73,0.37,0.98,0.55,0.72,0.36,0.58
3,Cardiff,Semi-Detached,3,0.23,0.18,0.53,0.32,0.46,0.4,0.82,0.85,0.05,0.13,0.66,0.87,0.61,0.61,0.82,0.22,0.18,0.57,0.68,0.53,0.39,0.88,0.56,0.01,0.7,0.97,0.62,0.7,0.8,0.43,0.32,0.91,0.24,0.76,0.05,0.39,0.68,0.43,0.64,0.63,0.56
3,Cardiff,Detached,2,0.35,0.85,0.72,0.81,0.3,0.29,0.38,0.83,0.88,0.15,0.44,0.33,0.55,0.61,0.13,0.33,0.18,0.52,0.24,0.06,0.18,0.13,0.53,0.66,0.62,0.08,0.77,0.2,0.82,0.7,0.44,0.26,0.84,0.61,0.66,0.79,0.86,0.33,0.12,0.32,0.25
3,Cardiff,Detached,3,0.44,0.36,0.37,0.79,0.7,0.83,0.4,0.39,0.46,0.07,0.67,0.93,0.83,0.33,0.76,0.92,0.94,0.68,0.29,0.17,0.72,0.58,0.99,0.12,0.27,0.35,0.76,0.45,0.19,0.76,0.19,0.73,0.7,0.27,0.55,0.15,0.65,0.02,0.42,0.9,0.84
3,Cardiff,Detached,4,0.59,0.77,0.57,0.48,0,0.44,0.15,0.56,0.73,0,0.42,0.69,0.79,0.08,0.87,0.47,0.36,0.14,0.81,0.03,0.1,0.09,0.43,0.29,0.05,0.03,0.26,0.58,0.69,0.8,0.88,0.29,0.72,0.52,0.96,0.73,0.67,0.78,0.17,0.44,0.39
4,Leeds,Bungalow,2,0.02,0.89,0.51,0.48,0.74,0.22,0.03,0.1,0.51,0.52,0.79,0.1,0.85,0.72,0.37,0.51,0.31,0.43,0.26,0.67,0.56,0.98,0.11,0.42,0.6,0.5,0.38,0.09,0.68,0.58,0.03,0.56,0.96,0.9,0.77,0.86,0.89,0.81,0.81,0.39,0.63
4,Leeds,Bungalow,3,0.15,0.78,0.29,0.34,0.24,0.4,0.8,0.13,0.34,0.48,0.44,0.14,0.17,0.18,0.82,0.57,0.37,0.8,0.75,0.41,0.05,0.76,0.15,0.89,0.08,0.91,0.33,0.33,0.42,0.81,0.35,0.15,0.58,0.86,0.69,0.89,0.45,0.05,0.1,0.12,0.51
4,Leeds,Semi-Detached,2,0.98,0.98,0.75,0.86,0.69,0.13,0,0.03,0.3,0.32,0.11,0.6,0.91,0.02,0.05,0.33,0.13,0.33,0.74,0.4,0.84,0.88,0.47,0.24,0.32,0.86,0.35,0.42,0.24,0.27,0.74,0.84,0.18,0.95,0.38,0.72,1,0.58,0.69,0.34,0.23
4,Leeds,Semi-Detached,3,0.19,0.88,0.69,0.59,0.76,0.46,0.76,0.75,0.27,0.19,0.82,0.1,0.4,0.6,0.93,0.94,0.3,0.09,0.68,0.02,0.77,0.87,0.13,0.62,0.15,0.76,0.34,0.32,0.15,0.9,0.89,0.86,0.22,0.58,0.81,0.66,0.39,0.23,0.08,0.84,0.18
4,Leeds,Detached,2,0.64,0.11,0.14,0.48,0.71,0.66,0.3,0.87,0.29,0.62,0.7,0.31,0.95,0.46,0.31,0.36,0.49,0.31,0.63,0.2,0.09,0.61,0.09,0.26,0.52,0.28,0.42,0.27,0.43,0.02,0.92,0.07,0.58,0.09,0.48,0.84,0.58,0.4,0.3,0.46,0.98
4,Leeds,Detached,3,0.09,0.58,0.23,0.52,0.75,0.98,0.92,0.01,0.19,0.93,0.1,0.72,0.08,0.34,0.12,0.24,0.21,0.45,0.98,0.12,0.6,0.78,0.57,0.33,0.06,0.87,0.4,0.63,0.67,0.38,0.98,0.31,0.19,0.22,0.09,0.24,0.7,0.01,0.44,0.41,0.92
4,Leeds,Detached,4,0.66,0.52,0.42,0.17,0.07,0.7,0.96,0.81,0.46,0.97,0.93,0.81,0.73,0.3,0.65,0.22,0.38,0.82,0.45,0.85,0.48,0.69,0.03,0.97,0.1,0.64,0.39,0.38,0.38,0.46,0.74,0.4,0.91,0.1,0.22,0.47,0.54,0.69,0.1,0.53,0.68
5,Manchester,Bungalow,2,0.87,0.62,0.68,0.37,0.93,0.46,0.04,0.33,0.93,0.39,0.41,0.68,0.73,0.05,0.99,0.29,0.68,0.65,0.13,0.22,0.58,0.28,0.71,0.94,0.2,0.57,0.94,0.76,0.85,0.73,0.82,0.92,0.03,0.36,0.4,0.57,0.89,0.79,0.18,0.11,0.81
5,Manchester,Bungalow,3,0.71,0.37,0.34,0.67,0.54,0.88,0.48,0.38,0.64,0.49,0.49,0.51,0.56,0.28,0.53,0.03,0.95,0.42,0.28,0.89,0.06,0.38,0.6,0.22,0.51,0.7,0.9,0.21,0.78,0.61,0.08,0.79,0.75,0.61,0.6,0.81,0.78,0.62,0.42,0.12,0.98
5,Manchester,Semi-Detached,2,0.14,0.96,0.96,1,0.97,0.11,0.9,0.8,0.65,0.71,0.88,0.89,0.68,0.74,0.5,0.06,0.04,0.88,0.27,0.59,0.63,0.76,0.27,0.59,0.11,0.85,0.85,1,0.3,0.66,0.97,0.92,0.49,0.16,0.78,0.04,0.3,0.37,0.51,0.97,0.21
5,Manchester,Semi-Detached,3,0.62,0.26,0.48,0.16,0.51,0.34,0.21,0.09,0.8,0.62,0.98,0.77,0.5,0.63,0.26,0.38,0.41,0.37,0.02,0.88,0.47,0.52,0.66,0.23,0.06,0.42,0.08,0.22,0.05,0.26,0.63,0.83,0.38,0.54,0.67,0.94,0.09,0.19,0.14,0.03,0.53
5,Manchester,Detached,2,0.92,0.73,0.01,0.46,0.78,0.4,0.97,0.16,0.78,0.69,0.29,0.2,0.73,0.23,0.63,0.07,0.52,0.19,0.05,0.8,0.97,0.61,0.49,0.66,0.38,0.98,0.65,0.36,0.22,0.42,0.28,0.63,0.62,0.83,0.06,0.41,0.8,0.48,0.37,0.57,0.22
5,Manchester,Detached,3,0.72,0.47,0.04,0.53,0.61,0.92,0.42,0.17,0.2,0.29,0.45,0.52,0.31,0.64,0.04,0.01,0.34,0.02,0.1,0.4,0.38,0.34,0.83,0.17,0.93,0.64,0.27,0.38,0.95,0.45,0.03,0.17,0.48,0.88,0.81,0.74,0.66,0.48,0.86,0.35,0.05
5,Manchester,Detached,4,0.66,0.11,0.44,0.46,0.34,0.48,0.56,0.78,0.44,0.54,0.15,0.71,0.86,0.75,0.21,0.4,0.29,0.91,0.08,0.88,0.19,0.39,0.99,0.89,0.09,0.4,0.1,0.64,0.9,0.58,0.9,0.58,0.04,0.27,0.1,0.79,0.33,0.55,0.4,0.91,0.34
6,Birmingham,Bungalow,2,0.93,0.85,0.55,0.07,0.81,0.02,0.62,0.99,0.52,0.18,0.46,0.6,0.32,0.22,0.7,0.45,0.62,0.58,0.27,0.85,0.65,0.88,0.45,0.83,0.48,0.81,0.19,0.33,0.66,0.45,0.67,0.22,0.86,0.49,0.38,0.72,0.51,0.6,0.27,0.05,0.47
6,Birmingham,Bungalow,3,0.23,0.39,0.39,0.26,0.66,0.88,0.97,0.1,0.35,0.57,0.52,0.95,0.06,0.55,0.24,0.39,0.86,0.44,0.62,0.68,0.71,0.6,0.24,0.16,0.08,0.39,0.16,0.61,0.86,0.18,0.27,0.28,0.2,0.67,0.73,0.13,0.34,0.27,0.95,0.41,0.21
6,Birmingham,Semi-Detached,2,0.37,0.44,0.9,0.89,0.69,0.4,0.64,0.36,0.56,0.73,0.97,0.15,0.52,0.13,0.51,0.67,0.64,0.92,0.7,0.59,0.84,0.4,0.68,0.57,0.28,0.29,0.65,0.53,0.82,0.2,0.84,0.35,0.78,0.77,0.46,0.73,0.14,0.64,0.86,0.72,0.24
6,Birmingham,Semi-Detached,3,0.87,0.19,0.63,0.87,0.86,0.5,0.94,0.16,0.23,0.64,0.87,0.43,0.63,0.61,0.26,0.5,0.95,0.44,0.02,0.38,0.24,0.46,0.87,0.54,0.72,0.57,0.45,0.06,0.8,0.54,0.45,0.63,0.09,0.9,0.43,0.4,0.52,0.07,0.15,0.81,0.79
6,Birmingham,Detached,2,0.23,0.78,0.26,0.53,0.33,0.18,0.98,0.11,0.43,0.77,0.57,0.55,0.12,0.09,0.56,0.29,0.84,0.57,0.05,0.04,0.77,0.28,0.97,0.28,0.02,0.28,0.85,0.45,0.88,0.81,0.88,0.87,0.54,0.11,0.52,0.32,0.76,0.28,0.86,0.23,0.9
6,Birmingham,Detached,3,0.85,0.44,0.91,0.22,0.62,0.19,0.33,0.47,0.69,0.67,0.93,0.33,0.45,0.19,0.46,0.16,0.35,0.78,0.72,0.89,0.75,0.96,0.45,0.9,0.69,0.78,0.98,0.03,0.07,0.58,0.61,0.84,0.24,0.93,0.98,0.73,0.53,0.64,0.87,0.23,0.47
6,Birmingham,Detached,4,0.81,0.77,0.87,0.94,0.17,0.64,0.24,0.28,0.8,0.66,0.74,0.34,0.44,0.72,0.42,0.08,0.15,0.56,0.18,0.58,0.87,0.09,0.88,0.95,0.88,0.35,0.51,0.4,0.31,0.53,0.43,0.91,0.34,0.68,0.15,0.62,0.13,0.27,0.98,0.99,0.72
7,Edinburgh,Bungalow,2,0.68,0.04,0.33,0.24,0.38,0.56,0.33,0.11,0.92,0.03,0,0.72,0.75,0.78,0.6,0.85,0.82,0.2,0.98,0.19,0.93,0.36,0.84,0.57,1,0.95,0.16,0.25,0.8,0.77,0.57,0.61,0.61,0.41,0.68,0.93,0.83,0.47,0.46,0.09,0.92
7,Edinburgh,Bungalow,3,0.74,0.6,0.59,0.1,0.94,0.83,0.14,0.33,0.41,0.79,0.25,0.7,0.82,0.72,0.4,1,0.69,0.51,0.98,0.96,0.74,0.8,0.47,0.86,0.08,0.46,0.35,0.86,0.69,0.75,0.45,0.89,0.38,0.06,0.09,0.38,0.42,0.46,0.18,0.13,0.65
7,Edinburgh,Semi-Detached,2,0.34,0.02,0.41,0.41,0.5,0.68,0.12,0.35,0.45,0.85,0.57,0.95,0.93,0.31,0.05,0.75,0.5,0.54,0.85,0.99,0.04,0.12,0.41,0.89,0.23,0.1,0.05,0.82,0.1,0.19,0.51,0.58,0.84,0.43,0.39,0.23,0.79,0.13,0.51,0.75,0.93
7,Edinburgh,Semi-Detached,3,0.8,0.42,0.38,0.52,0.67,0.98,0.79,0.5,0.17,0.72,1,0.76,0.12,0.59,0.57,0.8,0.76,0.47,0.43,0.31,0.29,0.18,0.23,0.64,0.28,0.02,0.23,0.08,0.99,0.27,0.73,0.09,0.05,0.93,0.97,0.62,0.42,0.15,1,0.84,0.48
7,Edinburgh,Detached,2,0.47,0.32,0.62,0.52,0.21,0.86,0.4,0.16,0.75,0.26,0.31,0.13,0.24,0.85,0.64,0.92,0.35,0.87,0.99,0.6,0.58,0.68,0.95,0.93,0.86,0.55,0.12,0.46,0.71,0.11,0.76,0.43,0.9,0.47,0.37,0.16,0.71,0.71,0.14,0.4,0.16
7,Edinburgh,Detached,3,0.27,0.34,0.66,0.37,0.67,0.06,0.88,0.73,0.31,0.99,0.99,0.4,0.27,0.2,0.78,0.17,0.32,0.92,0.05,0.14,0.74,0.8,0.77,0.59,0.34,0.93,0.44,0.01,0.38,0.46,1,0.93,0.89,0.88,0.06,0.41,0.79,0.24,0.1,0.22,0.48
7,Edinburgh,Detached,4,0.51,0.99,0.44,0.45,0.96,0.33,0.66,0.7,0.35,0.55,0.41,0.63,0.85,0.26,0.65,0.76,0.45,0.46,0.94,0.54,0.93,0.77,0.95,0.56,0.61,0.46,0.76,0.31,0.79,0.83,0.86,0.78,0.53,0.38,0.76,0.7,0.07,0.73,0.36,0.36,0.24
8,Glasgow,Bungalow,2,0.78,0.29,0.67,0.13,0.67,0.51,0.04,0.39,0.03,0.16,0.82,0.6,0.24,0.76,0.22,0.45,0.93,0.94,0.84,0.73,0.37,0.3,0.72,0.61,0.8,0.88,0.34,0.06,0.61,0.27,0.19,0.57,0.41,0.5,0.95,0.03,0.55,0.12,0.67,0.18,0.43
8,Glasgow,Bungalow,3,0.2,0.05,0.26,0.33,0.76,0.63,0.13,0.79,0.73,0.09,0.06,0.92,0.01,0.55,0.5,0.18,0.63,0.71,0.66,0.16,0.63,0.22,0.88,0.21,0.34,0.55,0.5,0.27,0.32,0.4,0.72,0.29,0.8,0.33,0.58,0.15,0.42,0.77,0.66,0.17,0.61
8,Glasgow,Semi-Detached,2,0.5,0.78,0.09,0.12,0.58,1,0.98,0.79,0.47,0.75,0.08,0.89,0.54,0.1,0.22,0.72,0.95,0.06,0.37,0.88,0.96,0.22,0.64,0.43,0.99,0.19,0.99,0.29,0.92,0.97,0.08,0.52,0.44,0.98,0.72,0.78,0.32,0.13,0.73,0.11,0.79
8,Glasgow,Semi-Detached,3,0.97,0.46,0.92,0.5,0.3,0.94,0.45,0.07,0.68,0.67,0.84,0.58,0.86,0.64,0.17,0.82,0.72,0.99,0.4,0.29,0.44,0.74,0.57,0.28,0.25,0.28,0.72,0.87,0.29,0.14,0.23,0.56,0.03,0.81,0.15,0.43,0.87,0.69,0.56,0.96,0.88
8,Glasgow,Detached,2,0.82,0.31,0.26,0.02,0.51,0.71,0.71,0.66,0.97,0.14,0.8,0.35,0.27,0.96,0.17,0.5,0.52,0,0.84,0.96,0.48,0.58,0.62,0.31,0.16,0.83,0.97,0.91,0.67,0.36,0.05,0.11,0.77,0.73,0.3,0.33,0.33,0.83,0.54,0.75,0.36
8,Glasgow,Detached,3,0.99,0.53,0.25,0.94,0.84,0.56,0.75,0.03,0.15,0.65,0.14,0.2,0.66,0.54,0.37,0.05,0.67,0.81,0.34,0.71,0.46,0.01,0.51,0.9,0.69,0.72,0.36,0.67,0.57,0.59,0.31,0.52,0.03,0.67,0.75,0.2,0.54,0.69,0.72,0.37,0.41
8,Glasgow,Detached,4,0.7,0.19,0.85,0.62,0.8,0.55,0.57,0.45,0.02,0.33,0.18,0.18,0.16,0.37,0.8,0.07,0.19,0.11,0.67,0.9,0.56,0.35,0.57,0.93,0.02,0.43,0.01,0.55,0.51,0.32,0.79,0.62,0.68,0.31,0.9,0.78,0.04,0.23,0.09,0.96,0.56
